{"properties":{"connectionReferences":{"shared_xmltojson-5f01c647c33275b153-5f65cd7146cf59a18b":{"runtimeSource":"invoker","connection":{"connectionReferenceLogicalName":"ya_sharedxmltojson5f01c647c33275b1535f65cd7146cf59a18b_b4c27"},"api":{"name":"shared_xmltojson-5f01c647c33275b153-5f65cd7146cf59a18b","logicalName":"ya_xmltojson"}}},"definition":{"$schema":"https://schema.management.azure.com/providers/Microsoft.Logic/schemas/2016-06-01/workflowdefinition.json#","contentVersion":"1.0.0.0","parameters":{"$connections":{"defaultValue":{},"type":"Object"},"$authentication":{"defaultValue":{},"type":"SecureObject"}},"triggers":{"manual":{"metadata":{"operationMetadataId":"ebf62c0f-8cac-4a84-80a1-96391e5a9571"},"type":"Request","kind":"PowerAppV2","inputs":{"schema":{"type":"object","properties":{"text":{"title":"ISBN","type":"string","x-ms-dynamically-added":true,"description":"ISBNを指定してください","x-ms-content-hint":"TEXT"}},"required":["text"]}}}},"actions":{"HTTP":{"runAfter":{},"metadata":{"operationMetadataId":"29967fdc-a52d-4275-bbb7-e61746a55cd9"},"type":"Http","inputs":{"method":"GET","uri":"https://iss.ndl.go.jp/api/opensearch?cnt=1&isbn=@{triggerBody()['text']}"}},"JSON_の解析":{"runAfter":{"XMLtoJSON":["Succeeded"]},"metadata":{"operationMetadataId":"9df1c204-a9c7-4bc0-b9ce-b67a01bb1867"},"type":"ParseJson","inputs":{"content":"@body('XMLtoJSON')","schema":{"type":"object","properties":{"?xml":{"type":"object","properties":{"@@version":{"type":"string"},"@@encoding":{"type":"string"}}},"rss":{"type":"object","properties":{"@@version":{"type":"string"},"@@xmlns:dc":{"type":"string"},"@@xmlns:openSearch":{"type":"string"},"@@xmlns:dcndl":{"type":"string"},"@@xmlns:dcmitype":{"type":"string"},"@@xmlns:dcterms":{"type":"string"},"@@xmlns:xsi":{"type":"string"},"@@xmlns:rdfs":{"type":"string"},"@@xmlns:rdf":{"type":"string"},"channel":{"type":"object","properties":{"title":{"type":"string"},"link":{"type":"string"},"description":{"type":"string"},"language":{"type":"string"},"openSearch:totalResults":{"type":"string"},"openSearch:startIndex":{"type":"string"},"openSearch:itemsPerPage":{"type":"string"},"item":{"type":"object","properties":{"title":{"type":"string"},"link":{"type":"string"},"description":{"type":"object","properties":{"#cdata-section":{"type":"string"}}},"author":{"type":"string"},"category":{"type":"string"},"guid":{"type":"object","properties":{"@@isPermaLink":{"type":"string"},"#text":{"type":"string"}}},"dc:title":{"type":"string"},"dcndl:titleTranscription":{"type":"string"},"dc:creator":{"type":"array","items":{"type":"string"}},"dcndl:creatorTranscription":{"type":"string"},"dcndl:seriesTitle":{"type":"string"},"dc:publisher":{"type":"array","items":{"type":"string"}},"dcndl:price":{"type":"string"},"dc:extent":{"type":"string"},"dc:identifier":{"type":"array","items":{"type":"object","properties":{"@@xsi:type":{"type":"string"},"#text":{"type":"string"}},"required":["@@xsi:type","#text"]}},"dc:subject":{"type":"array"},"dc:description":{"type":"array","items":{"type":"string"}},"rdfs:seeAlso":{"type":"object","properties":{"@@rdf:resource":{"type":"string"}}}}}}}}}}}}},"PowerApp_または_Flow_に応答する":{"runAfter":{"配列変数に追加":["Succeeded"]},"metadata":{"operationMetadataId":"66ec0a50-3260-4585-a92f-a4272cc25c79"},"type":"Response","kind":"PowerApp","inputs":{"statusCode":200,"body":{"isbn":"@{first(variables('Result'))['ISBN']}","title":"@{first(variables('Result'))['Title']}","author":"@{first(variables('Result'))['Author']}","coverurl":"@{first(variables('Result'))['CoverUrl']}","pubdate":"@{first(variables('Result'))['PubDate']}","publisher":"@{first(variables('Result'))['Publisher']}"},"schema":{"type":"object","properties":{"isbn":{"title":"ISBN","x-ms-dynamically-added":true,"type":"string"},"title":{"title":"Title","x-ms-dynamically-added":true,"type":"string"},"author":{"title":"Author","x-ms-dynamically-added":true,"type":"string"},"coverurl":{"title":"CoverUrl","x-ms-dynamically-added":true,"type":"string"},"pubdate":{"title":"PubDate","x-ms-dynamically-added":true,"type":"string"},"publisher":{"title":"Publisher","x-ms-dynamically-added":true,"type":"string"}}}}},"変数を初期化する":{"runAfter":{"JSON_の解析":["Succeeded"]},"metadata":{"operationMetadataId":"bbce29d9-d272-4b05-a049-bf24cd509ac0"},"type":"InitializeVariable","inputs":{"variables":[{"name":"Result","type":"array"}]}},"XMLtoJSON":{"runAfter":{"HTTP":["Succeeded"]},"metadata":{"operationMetadataId":"f2643b5a-bc1e-4dec-b0b4-8c9a32a4d898"},"type":"OpenApiConnection","inputs":{"host":{"connectionName":"shared_xmltojson-5f01c647c33275b153-5f65cd7146cf59a18b","operationId":"XMLtoJSON","apiId":""},"parameters":{"body/xml":"@body('HTTP')"},"authentication":"@parameters('$authentication')"}},"配列変数に追加":{"runAfter":{"変数を初期化する":["Succeeded"]},"metadata":{"operationMetadataId":"facfd866-0a5e-4e45-8bbb-2ce6258370ff"},"type":"AppendToArrayVariable","inputs":{"name":"Result","value":{"ISBN":"@{triggerBody()['text']}","Title":"@{body('JSON_の解析')?['rss']?['channel']?['item']?['dc:title']}","Author":"@{body('JSON_の解析')?['rss']?['channel']?['item']?['author']}","CoverUrl":"https://iss.ndl.go.jp/thumbnail/@{triggerBody()['text']}","PubDate":"@{body('JSON_の解析')?['rss']?['channel']?['item']?['pubDate']}","Publisher":"@{body('JSON_の解析')?['rss']?['channel']?['item']?['dc:publisher']}"}}}},"outputs":{}}},"schemaVersion":"1.0.0.0"}