{"properties":{"connectionReferences":{},"definition":{"$schema":"https://schema.management.azure.com/providers/Microsoft.Logic/schemas/2016-06-01/workflowdefinition.json#","contentVersion":"1.0.0.0","parameters":{"$authentication":{"defaultValue":{},"type":"SecureObject"}},"triggers":{"manual":{"type":"Request","kind":"PowerAppV2","inputs":{"schema":{"type":"object","properties":{"text":{"title":"ISBN","type":"string","x-ms-dynamically-added":true,"description":"ISBNを指定してください","x-ms-content-hint":"TEXT"}},"required":["text"]}}}},"actions":{"HTTP":{"runAfter":{},"type":"Http","inputs":{"method":"GET","uri":"https://api.openbd.jp/v1/get?isbn=@{triggerBody()['text']}"}},"JSON_の解析":{"runAfter":{"HTTP":["Succeeded"]},"type":"ParseJson","inputs":{"content":"@body('HTTP')","schema":{"type":"array","items":{"type":"object","properties":{"onix":{"type":"object","properties":{"RecordReference":{"type":"string"},"NotificationType":{"type":"string"},"ProductIdentifier":{"type":"object","properties":{"ProductIDType":{"type":"string"},"IDValue":{"type":"string"}}},"DescriptiveDetail":{"type":"object","properties":{"ProductComposition":{"type":"string"},"ProductForm":{"type":"string"},"ProductFormDetail":{"type":"string"},"TitleDetail":{"type":"object","properties":{"TitleType":{"type":"string"},"TitleElement":{"type":"object","properties":{"TitleElementLevel":{"type":"string"},"TitleText":{"type":"object","properties":{"collationkey":{"type":"string"},"content":{"type":"string"}}},"Subtitle":{"type":"object","properties":{"collationkey":{"type":"string"},"content":{"type":"string"}}}}}}},"Contributor":{"type":"array","items":{"type":"object","properties":{"SequenceNumber":{"type":"string"},"ContributorRole":{"type":"array","items":{"type":"string"}},"PersonName":{"type":"object","properties":{"collationkey":{"type":"string"},"content":{"type":"string"}}},"BiographicalNote":{"type":"string"}},"required":[]}},"Language":{"type":"array","items":{"type":"object","properties":{"LanguageRole":{"type":"string"},"LanguageCode":{"type":"string"},"CountryCode":{"type":"string"}},"required":[]}},"Extent":{"type":"array","items":{"type":"object","properties":{"ExtentType":{"type":"string"},"ExtentValue":{"type":"string"},"ExtentUnit":{"type":"string"}},"required":[]}},"Subject":{"type":"array","items":{"type":"object","properties":{"MainSubject":{"type":"string"},"SubjectSchemeIdentifier":{"type":"string"},"SubjectCode":{"type":"string"}},"required":[]}}}},"CollateralDetail":{"type":"object","properties":{"TextContent":{"type":"array","items":{"type":"object","properties":{"TextType":{"type":"string"},"ContentAudience":{"type":"string"},"Text":{"type":"string"}},"required":[]}},"SupportingResource":{"type":"array","items":{"type":"object","properties":{"ResourceContentType":{"type":"string"},"ContentAudience":{"type":"string"},"ResourceMode":{"type":"string"},"ResourceVersion":{"type":"array","items":{"type":"object","properties":{"ResourceForm":{"type":"string"},"ResourceVersionFeature":{"type":"array","items":{"type":"object","properties":{"ResourceVersionFeatureType":{"type":"string"},"FeatureValue":{"type":"string"}},"required":[]}},"ResourceLink":{"type":"string"}},"required":[]}}},"required":[]}}}},"PublishingDetail":{"type":"object","properties":{"Imprint":{"type":"object","properties":{"ImprintIdentifier":{"type":"array","items":{"type":"object","properties":{"ImprintIDType":{"type":"string"},"IDValue":{"type":"string"}},"required":[]}},"ImprintName":{"type":"string"}}},"PublishingDate":{"type":"array","items":{"type":"object","properties":{"PublishingDateRole":{"type":"string"},"Date":{"type":"string"}},"required":[]}}}},"ProductSupply":{"type":"object","properties":{"MarketPublishingDetail":{"type":"object","properties":{"MarketPublishingStatus":{"type":"string"},"MarketPublishingStatusNote":{"type":"string"}}},"SupplyDetail":{"type":"object","properties":{"ProductAvailability":{"type":"string"},"Price":{"type":"array","items":{"type":"object","properties":{"PriceType":{"type":"string"},"PriceAmount":{"type":"string"},"CurrencyCode":{"type":"string"}},"required":[]}}}}}}}},"hanmoto":{"type":"object","properties":{"toji":{"type":"string"},"zaiko":{"type":"integer"},"maegakinado":{"type":"string"},"kaisetsu105w":{"type":"string"},"tsuiki":{"type":"string"},"genrecodetrc":{"type":"integer"},"ndccode":{"type":"string"},"kankoukeitai":{"type":"string"},"sonotatokkijikou":{"type":"string"},"jushoujouhou":{"type":"string"},"furokusonota":{"type":"string"},"dokushakakikomi":{"type":"string"},"zasshicode":{"type":"string"},"jyuhan":{"type":"array","items":{"type":"object","properties":{"date":{"type":"string"},"ctime":{"type":"string"},"suri":{"type":"integer"},"comment":{"type":"string"}},"required":[]}},"hatsubai":{"type":"string"},"hatsubaiyomi":{"type":"string"},"hastameshiyomi":{"type":"boolean"},"author":{"type":"array","items":{"type":"object","properties":{"listseq":{"type":"integer"},"dokujikubun":{"type":"string"}},"required":[]}},"datemodified":{"type":"string"},"datecreated":{"type":"string"},"kanrenshoisbn":{"type":"string"},"reviews":{"type":"array","items":{"type":"object","properties":{"post_user":{"type":"string"},"reviewer":{"type":"string"},"source_id":{"type":"integer"},"kubun_id":{"type":"integer"},"source":{"type":"string"},"choyukan":{"type":"string"},"han":{"type":"string"},"link":{"type":"string"},"appearance":{"type":"string"},"gou":{"type":"string"}},"required":[]}},"hanmotoinfo":{"type":"object","properties":{"name":{"type":"string"},"yomi":{"type":"string"},"url":{"type":"string"},"twitter":{"type":"string"},"facebook":{"type":"string"}}},"dateshuppan":{"type":"string"}}},"summary":{"type":"object","properties":{"isbn":{"type":"string"},"title":{"type":"string"},"volume":{"type":"string"},"series":{"type":"string"},"publisher":{"type":"string"},"pubdate":{"type":"string"},"cover":{"type":"string"},"author":{"type":"string"}}}},"required":[]}}}},"PowerApp_または_Flow_に応答する":{"runAfter":{"Apply_to_each":["Succeeded"]},"type":"Response","kind":"PowerApp","inputs":{"statusCode":200,"body":{"isbn":"@{first(variables('Result'))['ISBN']}","title":"@{first(variables('Result'))['Title']}","author":"@{first(variables('Result'))['Author']}","coverurl":"@{first(variables('Result'))['CoverUrl']}","pubdate":"@{first(variables('Result'))['PubDate']}","publisher":"@{first(variables('Result'))['Publisher']}"},"schema":{"type":"object","properties":{"isbn":{"title":"ISBN","x-ms-dynamically-added":true,"type":"string"},"title":{"title":"Title","x-ms-dynamically-added":true,"type":"string"},"author":{"title":"Author","x-ms-dynamically-added":true,"type":"string"},"coverurl":{"title":"CoverUrl","x-ms-dynamically-added":true,"type":"string"},"pubdate":{"title":"PubDate","x-ms-dynamically-added":true,"type":"string"},"publisher":{"title":"Publisher","x-ms-dynamically-added":true,"type":"string"}}}}},"変数を初期化する":{"runAfter":{"JSON_の解析":["Succeeded"]},"type":"InitializeVariable","inputs":{"variables":[{"name":"Result","type":"array"}]}},"Apply_to_each":{"foreach":"@body('JSON_の解析')","actions":{"配列変数に追加":{"runAfter":{},"type":"AppendToArrayVariable","inputs":{"name":"Result","value":{"ISBN":"@items('Apply_to_each')?['summary']?['isbn']","Title":"@items('Apply_to_each')?['summary']?['title']","Author":"@items('Apply_to_each')?['summary']?['author']","CoverUrl":"@items('Apply_to_each')?['summary']?['cover']","PubDate":"@items('Apply_to_each')?['summary']?['pubdate']","Publisher":"@items('Apply_to_each')?['summary']?['publisher']"}}}},"runAfter":{"変数を初期化する":["Succeeded"]},"type":"Foreach"}},"outputs":{}}},"schemaVersion":"1.0.0.0"}